11:28, Monday, September 09, 2024
Study name:Frequency ThinBracketsWithRibs
Mode No.  ,Frequency(Rad/sec)  ,Frequency(Hertz)  ,Period(Seconds)
1  ,4889.5  ,778.19  ,0.001285
2  ,10671  ,1698.4  ,0.00058878
3  ,10940  ,1741.1  ,0.00057434
4  ,14588  ,2321.8  ,0.0004307
5  ,16548  ,2633.6  ,0.0003797
