10:37, Monday, September 09,2024
Study name:Frequency ThinBracket,,,
Mode No.  ,Frequency(Rad/sec)  ,Frequency(Hertz)  ,Period(Seconds)
1,4441,706.81,0.0014148
2,10462,1665.1,0.00060056
3,10649,1694.8,0.00059003
4,14555,2316.5,0.00043168
5,16487,2624.1,0.00038109
