11:13, Monday, September 09, 2024
Study name:Frequency ThickBracket
Mode No.  ,Frequency(Rad/sec)  ,Frequency(Hertz)  ,Period(Seconds)
1  ,5851.5  ,931.29  ,0.0010738
2  ,11746  ,1869.4  ,0.00053494
3  ,12222  ,1945.3  ,0.00051407
4  ,16253  ,2586.8  ,0.00038658
5  ,22051  ,3509.6  ,0.00028494
